ID,Value,Delta,Gamma,Vega,Rho,Theta
1,3.2593473629162446,0.5476431900777861,0.05924443134549273,14.651615773681925,-0.44648607976769394,13.068955919516762
2,2.692774912299483,-0.4634834877257168,0.06050719548416161,14.611830501602086,-0.25373567798903096,8.993361172724352
3,22.050265969030416,0.6808515967319497,0.008986195452298062,35.90427812198431,-22.78677837009866,7.285159466569002
4,21.01923278329123,-0.49007343110434576,0.0025915111396770385,40.75980766252485,-14.108437783490224,5.961502378014902
