ID,Value,Delta,Gamma,Vega,Rho,Theta
1.0,3.2460941388991276,0.5476355256701738,0.05433704515556564,14.585833756368748,-0.44467056905883595,13.020327430656044
2.0,2.6845766809201552,-0.4638786658502315,0.056531020400531415,14.56002726761918,-0.2521328066662498,8.971449684529963
3.0,22.057502295384815,0.6859424221244619,0.008143853194421987,35.68452618595668,-22.79605592676006,7.2446376398889
4.0,21.018407392605724,-0.4917515423685264,0.01015711492634582,40.55077527416504,-14.104553705077905,5.923965343688433
