mu,sigma,degree of freedom
0.04594038004735414,0.04544287220830122,6.336866997308613
