mu,sigma,degree of freedom,intercept,Beta1,Beta2,Beta3
0.0,0.04854786975415902,4.598269978247469,0.0426341975329084,0.97489440171197,2.0411915654886355,3.1548007882201645
