ES Absolute,ES Diff from Mean
0.07602651618497684,0.12193507631204732
