ES Absolute,ES Diff from Mean
0.0752320873100679,0.12114065735736172
