Value,x1,x2,x3,Portfolio
Total Return,-0.22144565076766187,-0.016007530584304486,0.3014669628417681,0.08109828007372455
Return Attribution,-0.06551252231430581,-0.00221980532136722,0.1488306077093976,0.08109828007372455
Vol Attribution,-0.0006202226315012786,0.002827104435466033,0.0125798175449609,0.01478669934892564
