VaR Absolute,VaR Diff from Mean
0.03092041680741569,0.07694615326028395
