VaR Absolute,VaR Diff from Mean
0.04152970272060709,0.08747008276796123
