VaR Absolute,VaR Diff from Mean
0.041441264687239826,0.08735017068120868
